SeqId,Sequence
1,GCTATATATATATATAGC
2,GCATTAATTAATTAATGC
3,GCGCATGCATGCATGCGC
4,GCCTAGCTAGCTAGCTGC
5,GCCGCGCGCGCGCGCGGC
6,GCGCCGGCCGGCCGGCGC
7,GCTACGTACGTACGTAGC
8,GCGATCGATCGATCGAGC
9,GCAAAAAAAAAAAAAAGC
10,GCCGAGCGAGCGAGCGGC
11,GCGAAGGAAGGAAGGAGC
12,GCGTAGGTAGGTAGGTGC
13,GCTGAGTGAGTGAGTGGC
14,GCAGCAAGCAAGCAAGGC
15,GCAAGAAAGAAAGAAAGC
16,GCGAGGGAGGGAGGGAGC
17,GCGGGGGGGGGGGGGGGC
18,GCAGTAAGTAAGTAAGGC
19,GCGATGGATGGATGGAGC
20,GCTCTGTCTGTCTGTCGC
21,GCACAAACAAACAAACGC
22,GCAGAGAGAGAGAGAGGC
23,GCGCAGGCAGGCAGGCGC
24,GCTCAGTCAGTCAGTCGC
25,GCATCAATCAATCAATGC
26,GCGTCGGTCGGTCGGTGC
27,GCTGCGTGCGTGCGTGGC
28,GCACGAACGAACGAACGC
29,GCTAGATAGATAGATAGC
30,GCGCGGGCGGGCGGGCGC
31,GCGTGGGTGGGTGGGTGC
32,GCACTAACTAACTAACGC
33,GCGCTGGCTGGCTGGCGC
34,GCTATGTATGTATGTAGC
35,GCTGTGTGTGTGTGTGGC
36,GCGTTGGTTGGTTGGTGC
37,AAACAATAAGAA
38,AAAGAACAATAA
39,AAATAACAAGAA
40,GGGAGGTGGCGG
41,GGGCGGAGGTGG
42,GGGCGGTGGAGG
43,GGGTGGAGGCGG
44,GGGTGGCGGAGG
45,AAATAAAAATAAGAACAA
46,AAATAACAATAAGAACAA
47,GGGAGGGGGAGGCGGTGG
48,GACATGGTACAG
49,ACGATCCTAGCA
50,ATGCTAATCGTA
51,AGCTGAAGTCGA
52,CGAACTTCAAGC
53,GTCTACCATCTG
54,GCATAAATAAATAAATGC
55,GCATGAATGAATGAATGC
56,GCGACGGACGGACGGAGC
